{\rtf1\ansi\ansicpg1252\cocoartf1504\cocoasubrtf830
{\fonttbl\f0\fswiss\fcharset0 Helvetica;}
{\colortbl;\red255\green255\blue255;}
{\*\expandedcolortbl;;}
\margl1440\margr1440\vieww10800\viewh8400\viewkind0
\pard\tx566\tx1133\tx1700\tx2267\tx2834\tx3401\tx3968\tx4535\tx5102\tx5669\tx6236\tx6803\pardirnatural\partightenfactor0

\f0\fs24 \cf0 \{"sankey":\{"nodes":[\{"name":"FOR 1995","fill":"#246a24"\},\{"name":"MNG 1995","fill":"#6666ff"\},\{"name":"OPM 1995","fill":"#ff8000"\},\{"name":"RBM 1995","fill":"#ff00ff"\},\{"name":"SHB 1995","fill":"#ccff66"\},\{"name":"RPD 1995","fill":"#a65400"\},\{"name":"BUA 1995","fill":"#ff0000"\},\{"name":"BSG 1995","fill":"#ffff66"\},\{"name":"WTR 1995","fill":"#66ccff"\},\{"name":"FOR 2015","fill":"#246a24","layer":2\},\{"name":"MNG 2015","fill":"#6666ff","layer":2\},\{"name":"OPM 2015","fill":"#ff8000","layer":2\},\{"name":"RBM 2015","fill":"#ff00ff","layer":2\},\{"name":"SHB 2015","fill":"#ccff66","layer":2\},\{"name":"RPD 2015","fill":"#a65400","layer":2\},\{"name":"BUA 2015","fill":"#ff0000","layer":2\},\{"name":"BSG 2015","fill":"#ffff66","layer":2\},\{"name":"WTR 2015","fill":"#66ccff","layer":2\}],"links":[\{"source":0,"target":9,"value":37.898857067974\},\{"source":0,"target":10,"value":1.26499056959877\},\{"source":0,"target":11,"value":4.80916801399286\},\{"source":0,"target":12,"value":2.75183320691014\},\{"source":0,"target":13,"value":3.20250667241375\},\{"source":0,"target":14,"value":0.0353356890459364\},\{"source":0,"target":15,"value":0.00457071191960797\},\{"source":0,"target":16,"value":0.00645700386975652\},\{"source":0,"target":17,"value":0.000264631306137562\},\{"source":1,"target":9,"value":1.25767827734758\},\{"source":1,"target":10,"value":5.51510695444721\},\{"source":1,"target":11,"value":1.01617786441689\},\{"source":1,"target":12,"value":0.0472356296203303\},\{"source":1,"target":13,"value":0.268823066026781\},\{"source":1,"target":14,"value":0.078934225994712\},\{"source":1,"target":15,"value":0.00684654115239101\},\{"source":1,"target":16,"value":0.0560997198507141\},\{"source":1,"target":17,"value":0.0117644493456515\},\{"source":2,"target":9,"value":1.03830527571089\},\{"source":2,"target":10,"value":0.00626646932933747\},\{"source":2,"target":11,"value":1.7359940705651\},\{"source":2,"target":12,"value":0.291600411808653\},\{"source":2,"target":13,"value":0.300470853190384\},\{"source":2,"target":14,"value":0.00410284377035676\},\{"source":2,"target":15,"value":0.0000804479170658189\},\{"source":2,"target":16,"value":0.00122788926047829\},\{"source":2,"target":17,"value":0.000154544682784336\},\{"source":3,"target":9,"value":0.366975875998427\},\{"source":3,"target":10,"value":0.00156026618098707\},\{"source":3,"target":11,"value":0.89603101732954\},\{"source":3,"target":12,"value":1.01499655026629\},\{"source":3,"target":13,"value":1.76615992241434\},\{"source":3,"target":14,"value":0.0127763994603215\},\{"source":3,"target":15,"value":0.0000423410089820099\},\{"source":3,"target":16,"value":0.000652051538322953\},\{"source":3,"target":17,"value":0.000016936403592804\},\{"source":4,"target":9,"value":2.84590010951502\},\{"source":4,"target":10,"value":0.325066745308034\},\{"source":4,"target":11,"value":6.03224521880034\},\{"source":4,"target":12,"value":6.24083608249976\},\{"source":4,"target":13,"value":13.3686633769114\},\{"source":4,"target":14,"value":0.322632137291568\},\{"source":4,"target":15,"value":0.00984428458831731\},\{"source":4,"target":16,"value":0.0475997622975756\},\{"source":4,"target":17,"value":0.00710270425673217\},\{"source":5,"target":9,"value":0.00914354088966505\},\{"source":5,"target":10,"value":0.0953350158238936\},\{"source":5,"target":11,"value":0.0571264893185278\},\{"source":5,"target":12,"value":0.102814555060566\},\{"source":5,"target":13,"value":0.734663080947753\},\{"source":5,"target":14,"value":0.793138131402358\},\{"source":5,"target":15,"value":0.00529050907230214\},\{"source":5,"target":16,"value":0.0407595722965319\},\{"source":5,"target":17,"value":0.000929385147155118\},\{"source":6,"target":9,"value":0.00198579332125627\},\{"source":6,"target":10,"value":0.0251378570326193\},\{"source":6,"target":11,"value":0.00762773276810909\},\{"source":6,"target":12,"value":0.00290459321616588\},\{"source":6,"target":13,"value":0.0570481584519111\},\{"source":6,"target":14,"value":0.0137608279191532\},\{"source":6,"target":15,"value":0.0132273312059799\},\{"source":6,"target":16,"value":0.00778016040044433\},\{"source":6,"target":17,"value":0.000275216558383065\},\{"source":7,"target":9,"value":0.0373617063257256\},\{"source":7,"target":10,"value":0.758803807218846\},\{"source":7,"target":11,"value":0.050284182267035\},\{"source":7,"target":12,"value":0.0316858940716871\},\{"source":7,"target":13,"value":0.251958642149247\},\{"source":7,"target":14,"value":0.855999710387499\},\{"source":7,"target":15,"value":0.0258449518826189\},\{"source":7,"target":16,"value":0.430337078889556\},\{"source":7,"target":17,"value":0.119173003880765\},\{"source":8,"target":9,"value":0.0104666974203529\},\{"source":8,"target":10,"value":0.0714864425147765\},\{"source":8,"target":11,"value":0.0017232790655678\},\{"source":8,"target":12,"value":0.0000190534540419045\},\{"source":8,"target":13,"value":0.00180372698263362\},\{"source":8,"target":14,"value":0.00177197122589712\},\{"source":8,"target":15,"value":0.00266748356586663\},\{"source":8,"target":16,"value":0.0680758742412756\},\{"source":8,"target":17,"value":0.441633660085956\}]\},"params":[0.5,0.25,1,0,0],"fixedlayout":[[0,0],[0,177.48178575480537],[0,248.79431338177324],[0,429.7440298389211],[0,308.0862529306611],[0,541.8374024723931],[0,488.73829352859735],[0,599.4188314455478],[0,657.8717230629009],[592,1.2770340340750863e-13],[592,163.16140846671365],[592,233.4070278400397],[592,418.44253880135153],[592,298.41759881955926],[592,545.9011533763901],[592,492.86556749663606],[592,603.6975834893783],[592,658.2715892829866]]\}}